-- phpMyAdmin SQL Dump
-- version 2.11.4
-- http://www.phpmyadmin.net
--
-- Servidor: localhost
-- Tiempo de generación: 22-01-2009 a las 11:51:20
-- Versión del servidor: 5.0.51
-- Versión de PHP: 5.2.5

SET SQL_MODE="NO_AUTO_VALUE_ON_ZERO";

--
-- Base de datos: `calles_raulete`
--

-- --------------------------------------------------------

--
-- Estructura de tabla para la tabla `calles`
--

CREATE TABLE IF NOT EXISTS `calles` (
  `id_calle` int(3) NOT NULL default '0',
  `nombre_calle` char(50) collate latin1_spanish_ci default NULL,
  `inicio_coordenada` char(70) collate latin1_spanish_ci default NULL,
  `fin_coordenada` char(70) collate latin1_spanish_ci default NULL,
  `alternativa_coordenada` varchar(70) collate latin1_spanish_ci default NULL,
  PRIMARY KEY  (`id_calle`)
) ENGINE=MyISAM DEFAULT CHARSET=latin1 COLLATE=latin1_spanish_ci;

--
-- Volcar la base de datos para la tabla `calles`
--

INSERT INTO `calles` (`id_calle`, `nombre_calle`, `inicio_coordenada`, `fin_coordenada`, `alternativa_coordenada`) VALUES
(1, 'AVDA. PALMERA (SE30-GLORIETA PLUS ULTRA)', '37.342299, -5.973183', '37.355653, -5.979737', ''),
(2, 'AVD PALMERA (GLORIETA PLUS ULTRA-P?EZ DE RIBERA)', '37.356330, -5.980112', '37.35998, -5.98228', ''),
(3, 'AVDA. PALMERA (GLTA MARINEROS VOLUNTARIOS-BONANZA)', '37.375096, -5.991428', '37.36944,-5.98792', ''),
(4, 'AVDA PALMERA (BONANZA - P?EZ DE RIBERA)', '37.36944,-5.98792', '37.35998, -5.98228', ''),
(5, 'RAMON Y CAJAL (RONDA TAMARGUILLO-SAN FRANCISCO JAV', '37.373640, -5.964830', '37.377067, -5.974751', ''),
(6, 'RAMON Y CAJAL (SAN FRANCISCO JAVIER-AVDA BORBOLLA)', '37.377252, -5.975445', '37.379582, -5.982365', ''),
(7, 'RAMON Y CAJAL (SAN FRANCISCO JAVIER-RONDA TAMARGUI', '37.37711,-5.9749', '37.37357,-5.96472', NULL),
(8, 'AVDA. ANDALUCIA (SE30-LOS ARCOS)', '37.386520, -5.941718', '37.387450, -5.958760', NULL),
(9, 'LUIS MONTOTO (LOS ARCOS-CRUZ DEL CAMPO)', '37.387481, -5.959718', '37.38757,-5.9665', NULL),
(10, 'LUIS MONTOTO (CRUZ DEL CAMPO-LUIS DE MORALES)', '37.38757,-5.9665', '37.387352, -5.972358', NULL),
(11, 'LUIS MONTOTO (PUERTA CARMONA-LUIS DE MORALES)', '37.38796,-5.98225', '37.38707,-5.97262', NULL),
(12, 'LUIS MONTOTO (LUIS DE MORALES-CRUZ DEL CAMPO)', '37.3872,-5.97225', '37.38747,-5.96667', NULL),
(13, 'LUIS MONTOTO (CRUZ DEL CAMPO-LOS ARCOS)', '37.38747,-5.96667', '37.38733,-5.95957', NULL),
(14, 'AVDA. ANDALUCIA (LOS ARCOS - SE30)', '37.387300, -5.958422', '37.386391, -5.941760', NULL),
(15, 'KANSAS CITY (CTRA CARMONA-EFESO)', '37.40278,-5.95904', '37.39718,-5.96608', NULL),
(16, 'KANSAS CITY (RONDA TAMARGUILLO-SANTA JUSTA)', '37.39681,-5.96657', '37.39035,-5.97459', NULL),
(17, 'KANSAS CITY (SANTA JUSTA-RONDA TAMARGUILLO)', '37.390177, -5.974506', '37.396611, -5.966556', NULL),
(18, 'JIMENEZ BECERRIL (BARQUETA - ALAMILLO)', '37.404200, -5.995030', '37.412788, -5.988687', NULL),
(19, 'CRISTO DE LA EXPIRACION (GLTA DESCUBRIMIENTOS-PLAZ', '37.38957,-6.01312', '37.39053,-6.00291', NULL),
(20, 'CRISTO DE LA EXPIRACION (PLAZA ARMAS-GLTA DESCUBRI', '37.39078,-6.00311', '37.3897,-6.01324', NULL),
(21, 'SAN FRANCISCO JAVIER (RAMON Y CAJAL - EDUARDO DATO', '37.377268, -5.974891', '37.382467, -5.973169', NULL),
(22, 'LUIS DE MORALES (EDUARDO DATO - LUIS MONTOTO)', '37.38288,-5.97314', '37.387056, -5.972334', NULL),
(23, 'JOSE LAGUILLO (RONDA HIST?RICA-KANSAS CITY)', '37.390180, -5.975350', '37.394090, -5.983430', NULL),
(24, 'KANSAS CITY (KANSAS CITY-LUIS MONTOTO)', '37.389694, -5.974700', '37.387470, -5.972568', NULL),
(25, 'LUIS DE MORALES (LUIS MONTOTO - EDUARDO DATO)', '37.386960, -5.972490', '37.382925, -5.973281', NULL),
(26, 'SAN FRANCISCO JAVIER (EDUARDO DATO-RAM?N Y CAJAL)', '37.382589, -5.973393', '37.377244, -5.975202', NULL),
(27, 'RONDA TAMARGUILLO (LA OLIVA-AVDA LA PAZ)', '37.37602,-5.97564', '37.37496,-5.97602', NULL),
(28, 'RONDA DEL TAMARGUILLO (MONTESIERRA - LOS ARCOS)', '37.390416, -5.958846', '37.387505, -5.959434', NULL),
(29, 'RONDA TAMARGUILLO (RAMON Y CAJAL - AVDA. DE LA PAZ', '37.373290, -5.964610', '37.369900, -5.968920', NULL),
(30, 'MENENDEZ Y PELAYO (PRADO - LA FLORIDA)', '37.38138,-5.98822', '37.38777,-5.98492', NULL),
(31, 'ANDUEZA-DON FADRIQUE (SAN JUAN DE RIBERA-BARQUETA)', '37.403188, -5.988111', '37.403860, -5.995510', NULL),
(32, 'ARJONA (PZ ARMAS-PTE TRIANA)', '37.390530, -6.002910', '37.387399, -6.001560', NULL),
(33, 'ARJONA (PTE TRIANA-SAN LAUREANO)', '37.387550, -6.001700', '37.393095, -6.003660', NULL),
(34, 'AVDA. DE LA PAZ (SE-30-CTRA SU EMINENCIA)', '37.36921,-5.96896', '37.36104,-5.95937', NULL),
(35, 'AVDA. DE LA PAZ (CTRA SU EMINENCIA-RONDA TAMARGUIL', '37.361273, -5.959567', '37.369209, -5.968957', NULL),
(36, 'AVDA. DE LA PAZ (RONDA TAMARGUILLO-MART?NEZ BARRIO', '37.36958,-5.96941', '37.37483,-5.97573', NULL),
(37, 'JUAN PABLO II (SE-30-GLORIETA JUAN PABLO II)', '37.37,-6.0131', '37.36749,-5.99781', NULL),
(38, 'RONDA TAMARGUILLO (KANSAS CITY-CTRA CARMONA)', '37.397180, -5.966080', '37.40293,-5.96909', NULL),
(39, 'RONDA TAMARGUILLO (CTRA CARMONA-AVDA PINO MONTANO)', '37.40298,-5.96908', '37.41098,-5.97172', NULL),
(40, 'RONDA DEL TAMARGUILLO (AVDA PINO MONTANO-SE-30)', '37.41098,-5.97172', '37.41558,-5.97399', NULL),
(41, 'RONDA DEL TAMATGUILLO (KANSAS CITY-AVDA MONTESIERR', '37.39666,-5.96627', '37.39005,-5.95925', NULL),
(42, 'TORNEO (BARQUETA-PLAZA ARMAS)', '37.4035,-5.99581', '37.39097,-6.00306', NULL),
(43, 'TORNEO (PLAZA ARMAS-BARQUETA)', '37.39082,-6.00276', '37.40329,-5.99555', NULL),
(44, 'C. BUENO MONREAL (MANUEL SIUROT-AVDA PAZ)', '37.36812,-5.9854', '37.37427,-5.97592', NULL),
(45, 'D. MNEZ. BARRIOS (AVDA PAZ-RAM?N Y CAJAL)', '37.3747,-5.97566', '37.37709,-5.97495', NULL),
(46, 'D. MNEZ. BARRIOS (RAM?N Y CAJAL-AVDA LA PAZ)', '37.37719,-5.97522', '37.37474,-5.9762', NULL),
(47, 'BUENO MONREAL (AVDA LA PAZ-MANUEL SIUROT)', '37.37467,-5.97622', '37.36812,-5.9854', NULL),
(48, 'AVDA. CARLOS III (PTE CORTA-GLORIETA DESCUBRIMIENT', '37.38906,-6.02102', '37.389512, -6.013622', NULL),
(49, 'AVDA. CARLOS III (GLORIETA DESCUBRIMIENTOS-PTE COR', '37.389650, -6.013634', '37.38923,-6.02158', NULL),
(50, 'R.NORTE (GLTA OL?MPICA - CARLOS III)', '37.41362,-5.98868', '37.41498,-6.0069', NULL),
(51, 'PTE.ALAMILLO (CARLOS III-GLTA OL?MPICA)', '37.41204,-6.00817', '37.41296,-5.98856', NULL),
(52, 'MURO DE DEFENSA (GLTA DESCUBRIMIENTOS-BLAS INFANTE', '37.38939,-6.01381', '37.37336,-6.0156', NULL),
(53, 'MURO DE DEFENSA (BLAS INFANTE-GLTA DESCUBRIMIENTOS', '37.3728,-6.01387', '37.38941,-6.01365', NULL),
(54, 'RONDA NORTE (AUTOVIA MADRID-ROTONDA PI CALONGE)', '37.408410, -5.948260', '37.412850, -5.949910', NULL),
(55, 'RONDA NORTE (ROTONDA PI CALONGE-AVDA MIRAFLORES)', '37.40281,-5.96137', '37.39752,-5.9814', NULL),
(56, 'RONDA NORTE (ALCA. M VALLE - CTJO LAS CASILLAS)', '37.41601,-5.9735', '37.41709,-5.96532', NULL),
(57, 'E. DATO (S. FCO. JAVIER - BUHAIRA)', '37.38293,-5.97328', '37.38412,-5.9793', NULL),
(58, 'E. DATO (BUHAIRA - MENENDEZ PELAYO)', '37.38409,-5.97944', '37.38562,-5.98613', NULL),
(59, 'PUENTE LOS REMEDIOS (GTA. MARINEROS V - ASUNCION)', '37.37549,-5.99183', '37.37472,-5.99752', NULL),
(60, 'MANUEL SIUROT (C. ILUNDAIN - SU EMINENCIA)', '37.36389,-5.98327', '37.35689,-5.97957', NULL),
(61, 'S. J. RIVERA (R. PIO XII - R. HISTORICA)', '37.40735,-5.97914', '37.39935,-5.98286', NULL),
(62, 'S. J. RIVERA (R. HISTORICA - R. PIO XII)', '37.39855,-5.98165', '37.4054,-5.97514', NULL),
(63, 'CARRERO BLANCO (GTA. CIGARRERAS - ASUNCION)', '37.37448,-5.99448', '37.37148,-5.99739', NULL),
(64, 'R. DE CARRANZA (R. TRIANA - ASUNCION )', '37.371424, -6.003821', '37.371420, -5.997913', NULL),
(65, 'LOPEZ DE GOMARA (R. ARGENTINA - SAN JACINTO)', '37.37626,-6.00574', '37.38097,-6.00914', NULL),
(66, 'RONDA TRIANA (M. ARELLANO - C. EXPIRACION)', '37.38575,-6.01125', '37.38986,-6.01028', NULL),
(67, 'CTRA. CARMONA (F. ARI?O - R TAMARGUILLO)', '37.39979,-5.97743', '37.40316,-5.96905', NULL),
(68, 'CTRA. CARMONA (R. TAMARGUILLO - K. CITY)', '37.40284,-5.9691', '37.40286,-5.95955', NULL),
(69, 'CTRA. CARMONA (K. CITY - R. TAMARGUILLO)', '37.40297,-5.95946', '37.40298,-5.96908', NULL),
(70, 'R. PIO XII (MIRAFLORES - MADRESELVA)', '37.40533,-5.97518', '37.40758,-5.97918', NULL),
(71, 'RONDA NORTE (AVDA. MIRAFLORES-CTJO LAS CASILLAS)', '37.41638,-5.9567', '37.41748,-5.96513', NULL),
(72, 'RONDA NORTE (CTJO LAS CASILLAS-AV ALC M VALLE)', '37.4174,-5.9662', '37.41628,-5.97385', NULL),
(73, 'RONDA NORTE (AV ALC M VALLE-GTA SAN LAZARO)', '37.41598,-5.97476', '37.41357,-5.98327', NULL),
(74, 'RONDA NORTE (CTJO LAS CASILLAS-AV MIRAFLORES)', '37.417345,-5.964975', '37.41612,-5.95684', NULL),
(75, 'RONDA NORTE (AV MIRAFLORES-ROTONDA PI CALONGE)', '37.41587,-5.95609', '37.41295,-5.95034', NULL),
(76, 'RONDA NORTE (ROTONDA PI CALONGE-AUTOV?A MADRID)', '37.41268,-5.95032', '37.408278,-5.949354', NULL),
(77, 'RONDA NORTE (AV MIRAFLORES-ROTONDA PI CALONGE)', '37.415922,-5.955963', '37.413195,-5.950363', '');

-- --------------------------------------------------------

--
-- Estructura de tabla para la tabla `tramoscalles`
--

CREATE TABLE IF NOT EXISTS `tramoscalles` (
  `id_calle` int(3) NOT NULL default '0',
  `id_tramo` int(3) NOT NULL default '0',
  `inicio_tramo` char(70) collate latin1_spanish_ci default NULL,
  `fin_tramo` char(70) collate latin1_spanish_ci default NULL,
  PRIMARY KEY  (`id_calle`,`id_tramo`)
) ENGINE=MyISAM DEFAULT CHARSET=latin1 COLLATE=latin1_spanish_ci;

--
-- Volcar la base de datos para la tabla `tramoscalles`
--

INSERT INTO `tramoscalles` (`id_calle`, `id_tramo`, `inicio_tramo`, `fin_tramo`) VALUES
(1, 1, '37.34599,-5.97546', '37.3423,-5.97318'),
(1, 2, '37.34734,-5.97618', '37.34599,-5.97546'),
(1, 3, '37.34789,-5.97638', '37.34734,-5.97618'),
(1, 4, '37.35003,-5.97671', '37.34789,-5.97638'),
(1, 5, '37.35095,-5.97699', '37.35003,-5.97671'),
(1, 6, '37.35114,-5.9769', '37.35095,-5.97699'),
(1, 7, '37.35131,-5.97694', '37.35114,-5.9769'),
(1, 8, '37.35144,-5.97711', '37.35131,-5.97694'),
(1, 9, '37.3515,-5.97733', '37.35144,-5.97711'),
(1, 10, '37.35565,-5.97974', '37.3515,-5.97733'),
(2, 1, '37.35726,-5.9806', '37.35633,-5.98011'),
(2, 2, '37.35752,-5.98076', '37.35726,-5.9806'),
(2, 3, '37.35762,-5.98091', '37.35752,-5.98076'),
(2, 4, '37.35998,-5.98228', '37.35762,-5.98091'),
(3, 1, '37.35998,-5.98228', '37.36944,-5.98792'),
(4, 1, '37.37421,-5.9909', '37.3751,-5.99143'),
(4, 2, '37.37416,-5.99077', '37.37421,-5.9909'),
(4, 3, '37.36944,-5.98792', '37.37416,-5.99077'),
(5, 1, '37.37471,-5.96657', '37.37364,-5.96483'),
(5, 2, '37.37707,-5.97475', '37.37471,-5.96657'),
(6, 1, '37.37747,-5.97613', '37.37725,-5.97544'),
(6, 2, '37.37842,-5.97835', '37.37747,-5.97613'),
(6, 3, '37.37887,-5.9799', '37.37842,-5.97835'),
(6, 4, '37.37899,-5.98002', '37.37887,-5.9799'),
(6, 5, '37.37958,-5.98237', '37.37899,-5.98002'),
(7, 1, '37.37471,-5.96657', '37.37711,-5.9749'),
(7, 2, '37.37357,-5.96472', '37.37471,-5.96657'),
(8, 1, '37.38703,-5.95207', '37.38652,-5.94172'),
(8, 2, '37.38714,-5.95264', '37.38703,-5.95207'),
(8, 3, '37.38745,-5.95876', '37.38714,-5.95264'),
(9, 1, '37.38758,-5.96371', '37.38748,-5.95972'),
(9, 2, '37.38757,-5.9665', '37.38758,-5.96371'),
(10, 1, '37.38755,-5.96868', '37.38757,-5.9665'),
(10, 2, '37.38735,-5.97236', '37.38755,-5.96868'),
(11, 1, '37.38784,-5.98196', '37.38796,-5.98225'),
(11, 2, '37.38771,-5.98145', '37.38784,-5.98196'),
(11, 3, '37.38751,-5.97967', '37.38771,-5.98145'),
(11, 4, '37.38707,-5.97802', '37.38751,-5.97967'),
(11, 5, '37.38704,-5.97648', '37.38707,-5.97802'),
(11, 6, '37.38719,-5.97271', '37.38704,-5.97648'),
(11, 7, '37.38707,-5.97262', '37.38719,-5.97271'),
(12, 1, '37.38747,-5.96779', '37.3872,-5.97225'),
(12, 2, '37.38747,-5.96667', '37.38747,-5.96779'),
(13, 1, '37.38746,-5.96372', '37.38747,-5.96667'),
(13, 2, '37.38733,-5.95957', '37.38746,-5.96372'),
(14, 1, '37.387,-5.95258', '37.3873,-5.95842'),
(14, 2, '37.38691,-5.95212', '37.387,-5.95258'),
(14, 3, '37.38639,-5.94176', '37.38691,-5.95212'),
(15, 1, '37.40087,-5.96146', '37.40278,-5.95904'),
(15, 2, '37.39971,-5.96285', '37.40087,-5.96146'),
(15, 3, '37.39718,-5.96608', '37.39971,-5.96285'),
(16, 1, '37.39035,-5.97459', '37.39681,-5.96657'),
(17, 1, '37.39661,-5.96656', '37.39018,-5.97451'),
(18, 1, '37.40436,-5.99495', '37.4042,-5.99503'),
(18, 2, '37.40751,-5.99257', '37.40436,-5.99495'),
(18, 3, '37.41279,-5.98869', '37.40751,-5.99257'),
(19, 1, '37.38986,-6.01035', '37.38957,-6.01312'),
(19, 2, '37.38987,-6.00963', '37.38986,-6.01035'),
(19, 3, '37.39002,-6.00841', '37.38987,-6.00963'),
(19, 4, '37.39017,-6.0077', '37.39002,-6.00841'),
(19, 5, '37.39028,-6.00747', '37.39017,-6.0077'),
(19, 6, '37.39064,-6.00389', '37.39028,-6.00747'),
(19, 7, '37.39059,-6.00372', '37.39064,-6.00389'),
(19, 8, '37.39067,-6.00296', '37.39059,-6.00372'),
(19, 9, '37.39053,-6.00291', '37.39067,-6.00296'),
(20, 1, '37.39072,-6.00373', '37.39078,-6.00311'),
(20, 2, '37.39064,-6.00383', '37.39072,-6.00373'),
(20, 3, '37.3906,-6.0041', '37.39064,-6.00383'),
(20, 4, '37.3903,-6.00712', '37.3906,-6.0041'),
(20, 5, '37.39028,-6.00747', '37.3903,-6.00712'),
(20, 6, '37.39037,-6.00774', '37.39028,-6.00747'),
(20, 7, '37.3897,-6.01324', '37.39037,-6.00774'),
(21, 1, '37.37796,-5.97468', '37.37727,-5.97489'),
(21, 2, '37.37807,-5.97459', '37.37796,-5.97468'),
(21, 3, '37.38247,-5.97317', '37.37807,-5.97459'),
(22, 1, '37.38335,-5.97298', '37.38288,-5.97314'),
(22, 2, '37.38499,-5.97264', '37.38335,-5.97298'),
(22, 3, '37.38669,-5.97235', '37.38499,-5.97264'),
(22, 4, '37.38706,-5.97233', '37.38669,-5.97235'),
(23, 1, '37.39207,-5.97873', '37.39018,-5.97535'),
(23, 2, '37.39205,-5.97886', '37.39207,-5.97873'),
(23, 3, '37.39409,-5.98343', '37.39205,-5.97886'),
(24, 1, '37.38806,-5.97269', '37.38969,-5.9747'),
(24, 2, '37.38747,-5.97257', '37.38806,-5.97269'),
(25, 1, '37.38419,-5.97296', '37.38696,-5.97249'),
(25, 2, '37.38293,-5.97328', '37.38419,-5.97296'),
(26, 1, '37.37828,-5.97478', '37.38259,-5.97339'),
(26, 2, '37.37777,-5.97503', '37.37828,-5.97478'),
(26, 3, '37.37724,-5.9752', '37.37777,-5.97503'),
(27, 1, '37.37496,-5.97602', '37.37602,-5.97564'),
(28, 1, '37.3902,-5.95907', '37.39042,-5.95885'),
(28, 2, '37.38984,-5.95922', '37.3902,-5.95907'),
(28, 3, '37.3875,-5.95943', '37.38984,-5.95922'),
(29, 1, '37.37026,-5.96823', '37.37329,-5.96461'),
(29, 2, '37.3699,-5.96892', '37.37026,-5.96823'),
(30, 1, '37.38176,-5.98809', '37.38138,-5.98822'),
(30, 2, '37.38276,-5.9876', '37.38176,-5.98809'),
(30, 3, '37.38282,-5.98761', '37.38276,-5.9876'),
(30, 4, '37.38474,-5.98663', '37.38282,-5.98761'),
(30, 5, '37.38604,-5.98589', '37.38474,-5.98663'),
(30, 6, '37.38769,-5.98504', '37.38604,-5.98589'),
(30, 7, '37.38777,-5.98492', '37.38769,-5.98504'),
(31, 1, '37.4032,-5.98864', '37.40319,-5.98811'),
(31, 2, '37.40312,-5.98879', '37.4032,-5.98864'),
(31, 3, '37.40307,-5.98978', '37.40312,-5.98879'),
(31, 4, '37.40365,-5.99435', '37.40307,-5.98978'),
(31, 5, '37.40386,-5.99551', '37.40365,-5.99435'),
(32, 1, '37.38913,-6.00249', '37.39053,-6.00291'),
(32, 2, '37.38903,-6.00233', '37.38913,-6.00249'),
(32, 3, '37.38812,-6.00214', '37.38903,-6.00233'),
(32, 4, '37.38774,-6.0019', '37.38812,-6.00214'),
(32, 5, '37.3874,-6.00156', '37.38774,-6.0019'),
(33, 1, '37.38774,-6.0019', '37.38755,-6.0017'),
(33, 2, '37.38812,-6.00214', '37.38774,-6.0019'),
(33, 3, '37.38903,-6.00233', '37.38812,-6.00214'),
(33, 4, '37.39057,-6.0028', '37.38903,-6.00233'),
(33, 5, '37.39309,-6.00366', '37.39057,-6.0028'),
(34, 1, '37.36525,-5.96414', '37.36921,-5.96896'),
(34, 2, '37.36456,-5.96336', '37.36525,-5.96414'),
(34, 3, '37.36373,-5.96259', '37.36456,-5.96336'),
(34, 4, '37.36126,-5.95955', '37.36373,-5.96259'),
(34, 5, '37.36104,-5.95937', '37.36126,-5.95955'),
(35, 1, '37.36373,-5.96259', '37.36127,-5.95957'),
(35, 2, '37.36456,-5.96336', '37.36373,-5.96259'),
(35, 3, '37.36525,-5.96414', '37.36456,-5.96336'),
(35, 4, '37.36921,-5.96896', '37.36525,-5.96414'),
(36, 1, '37.37289,-5.97339', '37.36958,-5.96941'),
(36, 2, '37.37301,-5.97345', '37.37289,-5.97339'),
(36, 3, '37.37307,-5.97362', '37.37301,-5.97345'),
(36, 4, '37.37437,-5.9752', '37.37307,-5.97362'),
(36, 5, '37.3747,-5.97566', '37.37437,-5.9752'),
(36, 6, '37.37483,-5.97573', '37.3747,-5.97566'),
(37, 1, '37.37001,-6.01295', '37.37,-6.0131'),
(37, 2, '37.36984,-6.01168', '37.37001,-6.01295'),
(37, 3, '37.36828,-6.0011', '37.36984,-6.01168'),
(37, 4, '37.36775,-5.99791', '37.36828,-6.0011'),
(37, 5, '37.36756,-5.9978', '37.36775,-5.99791'),
(37, 6, '37.36749,-5.99781', '37.36756,-5.9978'),
(38, 1, '37.39724,-5.96634', '37.39718,-5.96608'),
(38, 2, '37.39742,-5.9667', '37.39724,-5.96634'),
(38, 3, '37.39904,-5.96872', '37.39742,-5.9667'),
(38, 4, '37.39934,-5.96895', '37.39904,-5.96872'),
(38, 5, '37.4001,-5.96938', '37.39934,-5.96895'),
(38, 6, '37.40068,-5.96947', '37.4001,-5.96938'),
(38, 7, '37.40293,-5.96909', '37.40068,-5.96947'),
(39, 1, '37.40397,-5.9688', '37.40298,-5.96908'),
(39, 2, '37.40428,-5.96876', '37.40397,-5.9688'),
(39, 3, '37.4044,-5.96866', '37.40428,-5.96876'),
(39, 4, '37.4046,-5.96861', '37.4044,-5.96866'),
(39, 5, '37.40504,-5.96861', '37.4046,-5.96861'),
(39, 6, '37.41044,-5.97131', '37.40504,-5.96861'),
(39, 7, '37.41098,-5.97172', '37.41044,-5.97131'),
(40, 1, '37.4111,-5.97181', '37.41098,-5.97172'),
(40, 2, '37.41119,-5.97196', '37.4111,-5.97181'),
(40, 3, '37.41388,-5.97326', '37.41119,-5.97196'),
(40, 4, '37.41556,-5.97403', '37.41388,-5.97326'),
(40, 5, '37.41558,-5.97399', '37.41556,-5.97403'),
(41, 1, '37.39656,-5.96594', '37.39666,-5.96627'),
(41, 2, '37.39419,-5.96302', '37.39656,-5.96594'),
(41, 3, '37.39338,-5.96225', '37.39419,-5.96302'),
(41, 4, '37.39149,-5.95994', '37.39338,-5.96225'),
(41, 5, '37.39086,-5.95953', '37.39149,-5.95994'),
(41, 6, '37.39044,-5.95933', '37.39086,-5.95953'),
(41, 7, '37.39005,-5.95925', '37.39044,-5.95933'),
(42, 1, '37.39891,-6.00028', '37.4035,-5.99581'),
(42, 2, '37.39514,-6.00313', '37.39891,-6.00028'),
(42, 3, '37.39452,-6.00352', '37.39514,-6.00313'),
(42, 4, '37.39401,-6.00374', '37.39452,-6.00352'),
(42, 5, '37.39363,-6.00379', '37.39401,-6.00374'),
(42, 6, '37.39347,-6.00368', '37.39363,-6.00379'),
(42, 7, '37.39309,-6.00366', '37.39347,-6.00368'),
(42, 8, '37.39262,-6.0035', '37.39309,-6.00366'),
(42, 9, '37.3924,-6.00354', '37.39262,-6.0035'),
(42, 10, '37.39097,-6.00306', '37.3924,-6.00354'),
(43, 1, '37.39248,-6.00334', '37.39082,-6.00276'),
(43, 2, '37.39262,-6.0035', '37.39248,-6.00334'),
(43, 3, '37.39309,-6.00366', '37.39262,-6.0035'),
(43, 4, '37.39347,-6.00368', '37.39309,-6.00366'),
(43, 5, '37.39362,-6.00357', '37.39347,-6.00368'),
(43, 6, '37.39401,-6.00353', '37.39362,-6.00357'),
(43, 7, '37.39451,-6.0033', '37.39401,-6.00353'),
(43, 8, '37.39584,-6.00241', '37.39451,-6.0033'),
(43, 9, '37.39884,-6.00015', '37.39584,-6.00241'),
(43, 10, '37.40313,-5.99588', '37.39884,-6.00015'),
(43, 11, '37.40329,-5.99555', '37.40313,-5.99588'),
(44, 1, '37.36811,-5.98513', '37.36812,-5.9854'),
(44, 2, '37.36833,-5.9835', '37.36811,-5.98513'),
(44, 3, '37.36908,-5.97874', '37.36833,-5.9835'),
(44, 4, '37.36922,-5.9782', '37.36908,-5.97874'),
(44, 5, '37.36949,-5.97788', '37.36922,-5.9782'),
(44, 6, '37.36966,-5.97777', '37.36949,-5.97788'),
(44, 7, '37.3699,-5.97767', '37.36966,-5.97777'),
(44, 8, '37.37,-5.97769', '37.3699,-5.97767'),
(44, 9, '37.37017,-5.97763', '37.37,-5.97769'),
(44, 10, '37.37195,-5.97693', '37.37017,-5.97763'),
(44, 11, '37.37204,-5.97683', '37.37195,-5.97693'),
(44, 12, '37.37267,-5.97647', '37.37204,-5.97683'),
(44, 13, '37.37427,-5.97592', '37.37267,-5.97647'),
(45, 1, '37.37483,-5.97573', '37.3747,-5.97566'),
(45, 2, '37.37709,-5.97495', '37.37483,-5.97573'),
(46, 1, '37.37491,-5.97604', '37.37719,-5.97522'),
(46, 2, '37.37474,-5.9762', '37.37491,-5.97604'),
(47, 1, '37.37454,-5.97616', '37.37467,-5.97622'),
(47, 2, '37.37276,-5.97677', '37.37454,-5.97616'),
(47, 3, '37.37207,-5.97695', '37.37276,-5.97677'),
(47, 4, '37.37195,-5.97693', '37.37207,-5.97695'),
(47, 5, '37.3708,-5.97737', '37.37195,-5.97693'),
(47, 6, '37.37,-5.97769', '37.3708,-5.97737'),
(47, 7, '37.36995,-5.97778', '37.37,-5.97769'),
(47, 8, '37.36966,-5.97795', '37.36995,-5.97778'),
(47, 9, '37.36944,-5.97824', '37.36966,-5.97795'),
(47, 10, '37.36928,-5.97852', '37.36944,-5.97824'),
(47, 11, '37.36919,-5.97888', '37.36928,-5.97852'),
(47, 12, '37.36822,-5.98515', '37.36919,-5.97888'),
(47, 13, '37.36814,-5.98527', '37.36822,-5.98515'),
(47, 14, '37.36812,-5.9854', '37.36814,-5.98527'),
(48, 1, '37.38922,-6.01587', '37.38906,-6.02102'),
(48, 2, '37.38951,-6.01362', '37.38922,-6.01587'),
(49, 1, '37.38941,-6.01567', '37.38965,-6.01363'),
(49, 2, '37.38923,-6.02055', '37.38941,-6.01567'),
(49, 3, '37.38923,-6.02158', '37.38923,-6.02055'),
(50, 1, '37.41342,-5.98883', '37.41362,-5.98868'),
(50, 2, '37.41344,-5.99127', '37.41342,-5.98883'),
(50, 3, '37.41349,-5.9918', '37.41344,-5.99127'),
(50, 4, '37.41372,-5.99309', '37.41349,-5.9918'),
(50, 5, '37.41369,-5.9937', '37.41372,-5.99309'),
(50, 6, '37.41352,-5.99456', '37.41369,-5.9937'),
(50, 7, '37.41348,-5.99502', '37.41352,-5.99456'),
(50, 8, '37.41357,-6.00423', '37.41348,-5.99502'),
(50, 9, '37.41368,-6.005', '37.41357,-6.00423'),
(50, 10, '37.41389,-6.00559', '37.41368,-6.005'),
(50, 11, '37.41408,-6.00589', '37.41389,-6.00559'),
(50, 12, '37.4147,-6.00663', '37.41408,-6.00589'),
(50, 13, '37.41498,-6.0069', '37.4147,-6.00663'),
(51, 1, '37.41207,-6.00805', '37.41204,-6.00817'),
(51, 2, '37.41217,-6.00795', '37.41207,-6.00805'),
(51, 3, '37.41331,-6.0053', '37.41217,-6.00795'),
(51, 4, '37.41341,-6.00482', '37.41331,-6.0053'),
(51, 5, '37.41341,-6.00326', '37.41341,-6.00482'),
(51, 6, '37.41345,-6.0032', '37.41341,-6.00326'),
(51, 7, '37.41332,-5.995', '37.41345,-6.0032'),
(51, 8, '37.41308,-5.99365', '37.41332,-5.995'),
(51, 9, '37.41303,-5.99316', '37.41308,-5.99365'),
(51, 10, '37.41324,-5.99168', '37.41303,-5.99316'),
(51, 11, '37.41325,-5.98907', '37.41324,-5.99168'),
(51, 12, '37.41324,-5.98884', '37.41325,-5.98907'),
(51, 13, '37.41311,-5.98879', '37.41324,-5.98884'),
(51, 14, '37.41296,-5.98856', '37.41311,-5.98879'),
(52, 1, '37.38758,-6.01399', '37.38939,-6.01381'),
(52, 2, '37.38497,-6.01413', '37.38758,-6.01399'),
(52, 3, '37.38464,-6.01419', '37.38497,-6.01413'),
(52, 4, '37.38037,-6.01446', '37.38464,-6.01419'),
(52, 5, '37.37679,-6.01476', '37.38037,-6.01446'),
(52, 6, '37.37619,-6.01483', '37.37679,-6.01476'),
(52, 7, '37.37549,-6.01499', '37.37619,-6.01483'),
(52, 8, '37.37336,-6.0156', '37.37549,-6.01499'),
(53, 1, '37.37285,-6.01392', '37.3728,-6.01387'),
(53, 2, '37.37456,-6.01437', '37.37285,-6.01392'),
(53, 3, '37.37548,-6.01453', '37.37456,-6.01437'),
(53, 4, '37.37604,-6.01455', '37.37548,-6.01453'),
(53, 5, '37.37623,-6.01463', '37.37604,-6.01455'),
(53, 6, '37.37901,-6.01446', '37.37623,-6.01463'),
(53, 7, '37.38631,-6.01387', '37.37901,-6.01446'),
(53, 8, '37.38791,-6.0138', '37.38631,-6.01387'),
(53, 9, '37.38941,-6.01365', '37.38791,-6.0138'),
(54, 1, '37.40844,-5.94856', '37.40841,-5.94826'),
(54, 2, '37.40866,-5.94873', '37.40844,-5.94856'),
(54, 3, '37.40897,-5.94874', '37.40866,-5.94873'),
(54, 4, '37.40965,-5.94863', '37.40897,-5.94874'),
(54, 5, '37.40989,-5.94864', '37.40965,-5.94863'),
(54, 6, '37.41004,-5.94886', '37.40989,-5.94864'),
(54, 7, '37.41022,-5.94943', '37.41004,-5.94886'),
(54, 8, '37.41046,-5.94971', '37.41022,-5.94943'),
(54, 9, '37.41267,-5.95005', '37.41046,-5.94971'),
(54, 10, '37.41277,-5.94993', '37.41267,-5.95005'),
(54, 11, '37.41285,-5.94991', '37.41277,-5.94993'),
(55, 1, '37.40277,-5.96278', '37.40281,-5.96137'),
(55, 2, '37.40316,-5.96661', '37.40277,-5.96278'),
(55, 3, '37.40298,-5.96908', '37.40316,-5.96661'),
(55, 4, '37.40224,-5.97125', '37.40298,-5.96908'),
(55, 5, '37.40143,-5.9743', '37.40224,-5.97125'),
(55, 6, '37.40123,-5.97484', '37.40143,-5.9743'),
(55, 7, '37.40066,-5.97596', '37.40123,-5.97484'),
(55, 8, '37.39945,-5.97814', '37.40066,-5.97596'),
(55, 9, '37.39854,-5.97968', '37.39945,-5.97814'),
(55, 10, '37.39773,-5.98095', '37.39854,-5.97968'),
(55, 11, '37.39752,-5.9814', '37.39773,-5.98095'),
(56, 1, '37.41645,-5.97068', '37.41601,-5.9735'),
(56, 2, '37.41664,-5.96971', '37.41645,-5.97068'),
(56, 3, '37.41714,-5.96629', '37.41664,-5.96971'),
(56, 4, '37.41704,-5.96623', '37.41714,-5.96629'),
(56, 5, '37.41699,-5.96596', '37.41704,-5.96623'),
(56, 6, '37.41709,-5.96532', '37.41699,-5.96596'),
(57, 1, '37.38286,-5.9733', '37.38293,-5.97328'),
(57, 2, '37.38387,-5.97861', '37.38286,-5.9733'),
(57, 3, '37.38403,-5.97936', '37.38387,-5.97861'),
(57, 4, '37.38412,-5.9793', '37.38403,-5.97936'),
(58, 1, '37.38405,-5.97947', '37.38409,-5.97944'),
(58, 2, '37.38423,-5.98054', '37.38405,-5.97947'),
(58, 3, '37.38437,-5.98195', '37.38423,-5.98054'),
(58, 4, '37.38464,-5.98353', '37.38437,-5.98195'),
(58, 5, '37.38481,-5.98407', '37.38464,-5.98353'),
(58, 6, '37.38556,-5.98583', '37.38481,-5.98407'),
(58, 7, '37.38566,-5.9861', '37.38556,-5.98583'),
(58, 8, '37.38562,-5.98613', '37.38566,-5.9861'),
(59, 1, '37.37543,-5.99183', '37.37549,-5.99183'),
(59, 2, '37.37534,-5.99214', '37.37543,-5.99183'),
(59, 3, '37.3749,-5.99407', '37.37534,-5.99214'),
(59, 4, '37.37505,-5.99422', '37.3749,-5.99407'),
(59, 5, '37.37508,-5.99449', '37.37505,-5.99422'),
(59, 6, '37.37503,-5.99466', '37.37508,-5.99449'),
(59, 7, '37.37493,-5.99475', '37.37503,-5.99466'),
(59, 8, '37.37481,-5.99478', '37.37493,-5.99475'),
(59, 9, '37.37479,-5.99522', '37.37481,-5.99478'),
(59, 10, '37.37475,-5.99528', '37.37479,-5.99522'),
(59, 11, '37.37472,-5.99752', '37.37475,-5.99528'),
(60, 1, '37.36394,-5.98314', '37.36389,-5.98327'),
(60, 2, '37.36295,-5.98284', '37.36394,-5.98314'),
(60, 3, '37.3569,-5.97932', '37.36295,-5.98284'),
(60, 4, '37.35689,-5.97957', '37.3569,-5.97932'),
(61, 1, '37.40736,-5.97893', '37.40735,-5.97914'),
(61, 2, '37.40488,-5.9803', '37.40736,-5.97893'),
(61, 3, '37.40374,-5.98087', '37.40488,-5.9803'),
(61, 4, '37.39937,-5.98293', '37.40374,-5.98087'),
(61, 5, '37.39935,-5.98286', '37.39937,-5.98293'),
(62, 1, '37.39871,-5.98141', '37.39855,-5.98165'),
(62, 2, '37.40468,-5.97568', '37.39871,-5.98141'),
(62, 3, '37.4054,-5.97514', '37.40468,-5.97568'),
(63, 1, '37.37447,-5.99444', '37.37448,-5.99448'),
(63, 2, '37.37339,-5.99436', '37.37447,-5.99444'),
(63, 3, '37.37292,-5.99448', '37.37339,-5.99436'),
(63, 4, '37.37245,-5.99476', '37.37292,-5.99448'),
(63, 5, '37.37205,-5.99521', '37.37245,-5.99476'),
(63, 6, '37.3718,-5.99565', '37.37205,-5.99521'),
(63, 7, '37.37159,-5.99641', '37.3718,-5.99565'),
(63, 8, '37.37154,-5.99739', '37.37159,-5.99641'),
(63, 9, '37.37148,-5.99739', '37.37154,-5.99739'),
(64, 1, '37.3713,-6.0027', '37.37142,-6.00382'),
(64, 2, '37.37142,-5.99791', '37.3713,-6.0027'),
(65, 1, '37.37624,-6.00578', '37.37626,-6.00574'),
(65, 2, '37.38031,-6.00909', '37.37624,-6.00578'),
(65, 3, '37.38042,-6.00914', '37.38031,-6.00909'),
(65, 4, '37.38097,-6.00914', '37.38042,-6.00914'),
(66, 1, '37.38667,-6.01112', '37.38575,-6.01125'),
(66, 2, '37.38929,-6.0104', '37.38667,-6.01112'),
(66, 3, '37.3897,-6.01031', '37.38929,-6.0104'),
(66, 4, '37.38986,-6.01035', '37.3897,-6.01031'),
(66, 5, '37.38986,-6.01028', '37.38986,-6.01035'),
(67, 1, '37.39982,-5.97747', '37.39979,-5.97743'),
(67, 2, '37.40024,-5.97672', '37.39982,-5.97747'),
(67, 3, '37.40123,-5.97484', '37.40024,-5.97672'),
(67, 4, '37.40143,-5.9743', '37.40123,-5.97484'),
(67, 5, '37.40224,-5.97125', '37.40143,-5.9743'),
(67, 6, '37.40298,-5.96908', '37.40224,-5.97125'),
(67, 7, '37.40316,-5.96905', '37.40298,-5.96908'),
(68, 1, '37.40298,-5.96908', '37.40284,-5.9691'),
(68, 2, '37.40316,-5.96674', '37.40298,-5.96908'),
(68, 3, '37.40277,-5.96278', '37.40316,-5.96674'),
(68, 4, '37.4028,-5.96154', '37.40277,-5.96278'),
(68, 5, '37.4029,-5.9601', '37.4028,-5.96154'),
(68, 6, '37.40286,-5.95955', '37.4029,-5.9601'),
(69, 1, '37.40297,-5.95985', '37.40297,-5.95946'),
(69, 2, '37.4029,-5.95996', '37.40297,-5.95985'),
(69, 3, '37.40276,-5.96245', '37.4029,-5.95996'),
(69, 4, '37.40295,-5.96479', '37.40276,-5.96245'),
(69, 5, '37.40316,-5.96661', '37.40295,-5.96479'),
(69, 6, '37.40298,-5.96908', '37.40316,-5.96661'),
(70, 1, '37.4054,-5.97514', '37.40533,-5.97518'),
(70, 2, '37.40726,-5.97856', '37.4054,-5.97514'),
(70, 3, '37.40734,-5.97863', '37.40726,-5.97856'),
(70, 4, '37.40752,-5.97896', '37.40734,-5.97863'),
(70, 5, '37.4076,-5.97913', '37.40752,-5.97896'),
(70, 6, '37.40758,-5.97918', '37.4076,-5.97913'),
(71, 1, '37.41734,-5.96628', '37.4174,-5.9662'),
(71, 2, '37.41711,-5.96798', '37.41734,-5.96628'),
(71, 3, '37.41679,-5.9697', '37.41711,-5.96798'),
(71, 4, '37.41621,-5.97379', '37.41679,-5.9697'),
(71, 5, '37.41628,-5.97385', '37.41621,-5.97379'),
(72, 1, '37.41632,-5.95679', '37.41638,-5.9567'),
(72, 2, '37.41667,-5.95789', '37.41632,-5.95679'),
(72, 3, '37.41745,-5.96066', '37.41667,-5.95789'),
(72, 4, '37.41769,-5.96181', '37.41745,-5.96066'),
(72, 5, '37.41774,-5.96274', '37.41769,-5.96181'),
(72, 6, '37.4176,-5.96422', '37.41774,-5.96274'),
(72, 7, '37.41745,-5.96509', '37.4176,-5.96422'),
(72, 8, '37.41748,-5.96513', '37.41745,-5.96509'),
(73, 1, '37.41486,-5.97868', '37.41598,-5.97476'),
(73, 2, '37.41462,-5.97921', '37.41486,-5.97868'),
(73, 3, '37.41363,-5.98255', '37.41462,-5.97921'),
(73, 4, '37.41355,-5.98298', '37.41363,-5.98255'),
(73, 5, '37.41357,-5.98327', '37.41355,-5.98298'),
(74, 1, '37.41762,-5.96319', '37.41735,-5.96498'),
(74, 2, '37.41764,-5.96229', '37.41762,-5.96319'),
(74, 3, '37.41756,-5.96164', '37.41764,-5.96229'),
(74, 4, '37.41667,-5.95822', '37.41756,-5.96164'),
(74, 5, '37.41621,-5.95683', '37.41667,-5.95822'),
(74, 6, '37.41612,-5.95684', '37.41621,-5.95683'),
(75, 1, '37.41594,-5.95599', '37.41587,-5.95609'),
(75, 2, '37.41499,-5.95312', '37.41594,-5.95599'),
(75, 3, '37.41448,-5.9519', '37.41499,-5.95312'),
(75, 4, '37.41418,-5.95105', '37.41448,-5.9519'),
(75, 5, '37.41392,-5.95065', '37.41418,-5.95105'),
(75, 6, '37.4136,-5.95042', '37.41392,-5.95065'),
(75, 7, '37.41295,-5.95034', '37.4136,-5.95042'),
(76, 1, '37.41239,-5.95023', '37.41268,-5.95032'),
(76, 2, '37.40952,-5.94978', '37.41239,-5.95023'),
(76, 3, '37.40828,-5.94936', '37.40952,-5.94978'),
(77, 1, '37.41499,-5.95312', '37.41593,-5.95596'),
(77, 2, '37.41448,-5.9519', '37.41499,-5.95312'),
(77, 3, '37.41418,-5.95105', '37.41448,-5.9519'),
(77, 4, '37.41392,-5.95065', '37.41418,-5.95105'),
(77, 5, '37.41372,-5.95049', '37.41392,-5.95065'),
(77, 6, '37.41347,-5.95038', '37.41372,-5.95049'),
(77, 7, '37.4132,-5.95036', '37.41347,-5.95038');

-- --------------------------------------------------------

--
-- Estructura de tabla para la tabla `usuarios`
--

CREATE TABLE IF NOT EXISTS `usuarios` (
  `id_usuario` int(10) NOT NULL auto_increment,
  `nick` varchar(25) collate latin1_spanish_ci NOT NULL,
  `pass` varchar(35) collate latin1_spanish_ci NOT NULL,
  `mail` varchar(40) collate latin1_spanish_ci NOT NULL,
  `permisos` varchar(4) collate latin1_spanish_ci NOT NULL default '0',
  PRIMARY KEY  (`id_usuario`)
) ENGINE=MyISAM  DEFAULT CHARSET=latin1 COLLATE=latin1_spanish_ci AUTO_INCREMENT=38 ;

--
-- Volcar la base de datos para la tabla `usuarios`
--

INSERT INTO `usuarios` (`id_usuario`, `nick`, `pass`, `mail`, `permisos`) VALUES
(37, 'admin', '63a9f0ea7bb98050796b649e85481845', 'admin', '10'),
(5, 'raulete', '807dea4f78fa1de254efdb5846b603bd', 'raultm@gmail.com', '10'),
(36, 'aaa', '0cc175b9c0f1b6a831c399e269772661', 'a', '10'),
(7, 'Introduce Nick', '45705e4e2d0ed9eb93929ec6fc30736a', 'Tu E-Mail', '0'),
(8, 'katra', '80c19c9990072506b2d883047d785a22', 'lalala@lalala.es', '0'),
(9, 'katra2', '80c19c9990072506b2d883047d785a22', 'lalala@lalala.es', '0'),
(10, 'aj', '904cafa8ffce37bde36f2642dbc38e6e', 'ar@gmail.com', '0'),
(11, 'ajr', '904cafa8ffce37bde36f2642dbc38e6e', 'ar@gmail.com', '0'),
(35, 'aj2r', '72a86026abb289634ec64d7f3b544f0c', 'arodriguezrios@gmail.com', '10'),
(34, '555', '15de21c670ae7c3f6f3f1f37029303c9', '', '0'),
(33, 'bastardo3', '7815696ecbf1c96e6894b779456d330e', 'asd', '0'),
(17, 'luis', '47faa10e78b1aa8adf1fcea2b6135283', 'luisb@gmail.com', '0'),
(18, 'luisete', 'e60dddde8c79191c73b7c676e1948873', 'luisjar', '0'),
(19, 'r', '4b43b0aee35624cd95b910189b3dc231', 'r', '0'),
(20, 'bastardo', '904cafa8ffce37bde36f2642dbc38e6e', 'bastardo@bastardo,con', '0'),
(21, 'a', '0cc175b9c0f1b6a831c399e269772661', 'a', '0'),
(22, 'sopi', '702bc8e16a26e4b08edcac4b81d64cee', 'sopi', '0'),
(23, 'prueba', 'c893bad68927b457dbed39460e6afd62', 'prueba', '0'),
(24, 'prueba1', '81dc9bdb52d04dc20036dbd8313ed055', 'cuenta@cuenta.com', '0'),
(25, 'perro', 'd44b121fc3524fe5cdc4f3feb31ceb78', 'perro', '0'),
(32, 'pipegood', 'afb57cac28a6fb1d295d2926b2798eff', 'pipegood@gmail.com', '0'),
(27, 'angel', 'f4f068e71e0d87bf0ad51e6214ab84e9', 'angel@asd.com', '0');

-- --------------------------------------------------------

--
-- Estructura de tabla para la tabla `verticescalles`
--

CREATE TABLE IF NOT EXISTS `verticescalles` (
  `id_calle` int(3) NOT NULL default '0',
  `id_vertice` int(3) NOT NULL default '0',
  `coordenada` char(70) collate latin1_spanish_ci default NULL,
  PRIMARY KEY  (`id_calle`,`id_vertice`)
) ENGINE=MyISAM DEFAULT CHARSET=latin1 COLLATE=latin1_spanish_ci;

--
-- Volcar la base de datos para la tabla `verticescalles`
--

INSERT INTO `verticescalles` (`id_calle`, `id_vertice`, `coordenada`) VALUES
(1, 1, '37.3423,-5.97318'),
(1, 2, '37.34599,-5.97546'),
(1, 3, '37.34734,-5.97618'),
(1, 4, '37.34789,-5.97638'),
(1, 5, '37.35003,-5.97671'),
(1, 6, '37.35095,-5.97699'),
(1, 7, '37.35114,-5.9769'),
(1, 8, '37.35131,-5.97694'),
(1, 9, '37.35144,-5.97711'),
(1, 10, '37.3515,-5.97733'),
(1, 11, '37.35565,-5.97974'),
(2, 1, '37.35633,-5.98011'),
(2, 2, '37.35726,-5.9806'),
(2, 3, '37.35752,-5.98076'),
(2, 4, '37.35762,-5.98091'),
(2, 5, '37.35998,-5.98228'),
(3, 1, '37.36944,-5.98792'),
(3, 2, '37.35998,-5.98228'),
(4, 1, '37.3751,-5.99143'),
(4, 2, '37.37421,-5.9909'),
(4, 3, '37.37416,-5.99077'),
(4, 4, '37.36944,-5.98792'),
(5, 1, '37.37364,-5.96483'),
(5, 2, '37.37471,-5.96657'),
(5, 3, '37.37707,-5.97475'),
(6, 1, '37.37725,-5.97544'),
(6, 2, '37.37747,-5.97613'),
(6, 3, '37.37842,-5.97835'),
(6, 4, '37.37887,-5.9799'),
(6, 5, '37.37899,-5.98002'),
(6, 6, '37.37958,-5.98237'),
(7, 1, '37.37711,-5.9749'),
(7, 2, '37.37471,-5.96657'),
(7, 3, '37.37357,-5.96472'),
(8, 1, '37.38652,-5.94172'),
(8, 2, '37.38703,-5.95207'),
(8, 3, '37.38714,-5.95264'),
(8, 4, '37.38745,-5.95876'),
(9, 1, '37.38748,-5.95972'),
(9, 2, '37.38758,-5.96371'),
(9, 3, '37.38757,-5.9665'),
(10, 1, '37.38757,-5.9665'),
(10, 2, '37.38755,-5.96868'),
(10, 3, '37.38735,-5.97236'),
(11, 1, '37.38796,-5.98225'),
(11, 2, '37.38784,-5.98196'),
(11, 3, '37.38771,-5.98145'),
(11, 4, '37.38751,-5.97967'),
(11, 5, '37.38707,-5.97802'),
(11, 6, '37.38704,-5.97648'),
(11, 7, '37.38719,-5.97271'),
(11, 8, '37.38707,-5.97262'),
(12, 1, '37.3872,-5.97225'),
(12, 2, '37.38747,-5.96779'),
(12, 3, '37.38747,-5.96667'),
(13, 1, '37.38747,-5.96667'),
(13, 2, '37.38746,-5.96372'),
(13, 3, '37.38733,-5.95957'),
(14, 1, '37.3873,-5.95842'),
(14, 2, '37.387,-5.95258'),
(14, 3, '37.38691,-5.95212'),
(14, 4, '37.38639,-5.94176'),
(15, 1, '37.40278,-5.95904'),
(15, 2, '37.40087,-5.96146'),
(15, 3, '37.39971,-5.96285'),
(15, 4, '37.39718,-5.96608'),
(16, 1, '37.39681,-5.96657'),
(16, 2, '37.39035,-5.97459'),
(17, 1, '37.39018,-5.97451'),
(17, 2, '37.39661,-5.96656'),
(18, 1, '37.4042,-5.99503'),
(18, 2, '37.40436,-5.99495'),
(18, 3, '37.40751,-5.99257'),
(18, 4, '37.41279,-5.98869'),
(19, 1, '37.38957,-6.01312'),
(19, 2, '37.38986,-6.01035'),
(19, 3, '37.38987,-6.00963'),
(19, 4, '37.39002,-6.00841'),
(19, 5, '37.39017,-6.0077'),
(19, 6, '37.39028,-6.00747'),
(19, 7, '37.39064,-6.00389'),
(19, 8, '37.39059,-6.00372'),
(19, 9, '37.39067,-6.00296'),
(19, 10, '37.39053,-6.00291'),
(20, 1, '37.39078,-6.00311'),
(20, 2, '37.39072,-6.00373'),
(20, 3, '37.39064,-6.00383'),
(20, 4, '37.3906,-6.0041'),
(20, 5, '37.3903,-6.00712'),
(20, 6, '37.39028,-6.00747'),
(20, 7, '37.39037,-6.00774'),
(20, 8, '37.3897,-6.01324'),
(21, 1, '37.37727,-5.97489'),
(21, 2, '37.37796,-5.97468'),
(21, 3, '37.37807,-5.97459'),
(21, 4, '37.38247,-5.97317'),
(22, 1, '37.38288,-5.97314'),
(22, 2, '37.38335,-5.97298'),
(22, 3, '37.38499,-5.97264'),
(22, 4, '37.38669,-5.97235'),
(22, 5, '37.38706,-5.97233'),
(23, 1, '37.39018,-5.97535'),
(23, 2, '37.39207,-5.97873'),
(23, 3, '37.39205,-5.97886'),
(23, 4, '37.39409,-5.98343'),
(24, 1, '37.38969,-5.9747'),
(24, 2, '37.38806,-5.97269'),
(24, 3, '37.38747,-5.97257'),
(25, 1, '37.38696,-5.97249'),
(25, 2, '37.38419,-5.97296'),
(25, 3, '37.38293,-5.97328'),
(26, 1, '37.38259,-5.97339'),
(26, 2, '37.37828,-5.97478'),
(26, 3, '37.37777,-5.97503'),
(26, 4, '37.37724,-5.9752'),
(27, 1, '37.37602,-5.97564'),
(27, 2, '37.37496,-5.97602'),
(28, 1, '37.39042,-5.95885'),
(28, 2, '37.3902,-5.95907'),
(28, 3, '37.38984,-5.95922'),
(28, 4, '37.3875,-5.95943'),
(29, 1, '37.37329,-5.96461'),
(29, 2, '37.37026,-5.96823'),
(29, 3, '37.3699,-5.96892'),
(30, 1, '37.38138,-5.98822'),
(30, 2, '37.38176,-5.98809'),
(30, 3, '37.38276,-5.9876'),
(30, 4, '37.38282,-5.98761'),
(30, 5, '37.38474,-5.98663'),
(30, 6, '37.38604,-5.98589'),
(30, 7, '37.38769,-5.98504'),
(30, 8, '37.38777,-5.98492'),
(31, 1, '37.40319,-5.98811'),
(31, 2, '37.4032,-5.98864'),
(31, 3, '37.40312,-5.98879'),
(31, 4, '37.40307,-5.98978'),
(31, 5, '37.40365,-5.99435'),
(31, 6, '37.40386,-5.99551'),
(32, 1, '37.39053,-6.00291'),
(32, 2, '37.38913,-6.00249'),
(32, 3, '37.38903,-6.00233'),
(32, 4, '37.38812,-6.00214'),
(32, 5, '37.38774,-6.0019'),
(32, 6, '37.3874,-6.00156'),
(33, 1, '37.38755,-6.0017'),
(33, 2, '37.38774,-6.0019'),
(33, 3, '37.38812,-6.00214'),
(33, 4, '37.38903,-6.00233'),
(33, 5, '37.39057,-6.0028'),
(33, 6, '37.39309,-6.00366'),
(34, 1, '37.36921,-5.96896'),
(34, 2, '37.36525,-5.96414'),
(34, 3, '37.36456,-5.96336'),
(34, 4, '37.36373,-5.96259'),
(34, 5, '37.36126,-5.95955'),
(34, 6, '37.36104,-5.95937'),
(35, 1, '37.36127,-5.95957'),
(35, 2, '37.36373,-5.96259'),
(35, 3, '37.36456,-5.96336'),
(35, 4, '37.36525,-5.96414'),
(35, 5, '37.36921,-5.96896'),
(36, 1, '37.36958,-5.96941'),
(36, 2, '37.37289,-5.97339'),
(36, 3, '37.37301,-5.97345'),
(36, 4, '37.37307,-5.97362'),
(36, 5, '37.37437,-5.9752'),
(36, 6, '37.3747,-5.97566'),
(36, 7, '37.37483,-5.97573'),
(37, 1, '37.37,-6.0131'),
(37, 2, '37.37001,-6.01295'),
(37, 3, '37.36984,-6.01168'),
(37, 4, '37.36828,-6.0011'),
(37, 5, '37.36775,-5.99791'),
(37, 6, '37.36756,-5.9978'),
(37, 7, '37.36749,-5.99781'),
(38, 1, '37.39718,-5.96608'),
(38, 2, '37.39724,-5.96634'),
(38, 3, '37.39742,-5.9667'),
(38, 4, '37.39904,-5.96872'),
(38, 5, '37.39934,-5.96895'),
(38, 6, '37.4001,-5.96938'),
(38, 7, '37.40068,-5.96947'),
(38, 8, '37.40293,-5.96909'),
(39, 1, '37.40298,-5.96908'),
(39, 2, '37.40397,-5.9688'),
(39, 3, '37.40428,-5.96876'),
(39, 4, '37.4044,-5.96866'),
(39, 5, '37.4046,-5.96861'),
(39, 6, '37.40504,-5.96861'),
(39, 7, '37.41044,-5.97131'),
(39, 8, '37.41098,-5.97172'),
(40, 1, '37.41098,-5.97172'),
(40, 2, '37.4111,-5.97181'),
(40, 3, '37.41119,-5.97196'),
(40, 4, '37.41388,-5.97326'),
(40, 5, '37.41556,-5.97403'),
(40, 6, '37.41558,-5.97399'),
(41, 1, '37.39666,-5.96627'),
(41, 2, '37.39656,-5.96594'),
(41, 3, '37.39419,-5.96302'),
(41, 4, '37.39338,-5.96225'),
(41, 5, '37.39149,-5.95994'),
(41, 6, '37.39086,-5.95953'),
(41, 7, '37.39044,-5.95933'),
(41, 8, '37.39005,-5.95925'),
(42, 1, '37.4035,-5.99581'),
(42, 2, '37.39891,-6.00028'),
(42, 3, '37.39514,-6.00313'),
(42, 4, '37.39452,-6.00352'),
(42, 5, '37.39401,-6.00374'),
(42, 6, '37.39363,-6.00379'),
(42, 7, '37.39347,-6.00368'),
(42, 8, '37.39309,-6.00366'),
(42, 9, '37.39262,-6.0035'),
(42, 10, '37.3924,-6.00354'),
(42, 11, '37.39097,-6.00306'),
(43, 1, '37.39082,-6.00276'),
(43, 2, '37.39248,-6.00334'),
(43, 3, '37.39262,-6.0035'),
(43, 4, '37.39309,-6.00366'),
(43, 5, '37.39347,-6.00368'),
(43, 6, '37.39362,-6.00357'),
(43, 7, '37.39401,-6.00353'),
(43, 8, '37.39451,-6.0033'),
(43, 9, '37.39584,-6.00241'),
(43, 10, '37.39884,-6.00015'),
(43, 11, '37.40313,-5.99588'),
(43, 12, '37.40329,-5.99555'),
(44, 1, '37.36812,-5.9854'),
(44, 2, '37.36811,-5.98513'),
(44, 3, '37.36833,-5.9835'),
(44, 4, '37.36908,-5.97874'),
(44, 5, '37.36922,-5.9782'),
(44, 6, '37.36949,-5.97788'),
(44, 7, '37.36966,-5.97777'),
(44, 8, '37.3699,-5.97767'),
(44, 9, '37.37,-5.97769'),
(44, 10, '37.37017,-5.97763'),
(44, 11, '37.37195,-5.97693'),
(44, 12, '37.37204,-5.97683'),
(44, 13, '37.37267,-5.97647'),
(44, 14, '37.37427,-5.97592'),
(45, 1, '37.3747,-5.97566'),
(45, 2, '37.37483,-5.97573'),
(45, 3, '37.37709,-5.97495'),
(46, 1, '37.37719,-5.97522'),
(46, 2, '37.37491,-5.97604'),
(46, 3, '37.37474,-5.9762'),
(47, 1, '37.37467,-5.97622'),
(47, 2, '37.37454,-5.97616'),
(47, 3, '37.37276,-5.97677'),
(47, 4, '37.37207,-5.97695'),
(47, 5, '37.37195,-5.97693'),
(47, 6, '37.3708,-5.97737'),
(47, 7, '37.37,-5.97769'),
(47, 8, '37.36995,-5.97778'),
(47, 9, '37.36966,-5.97795'),
(47, 10, '37.36944,-5.97824'),
(47, 11, '37.36928,-5.97852'),
(47, 12, '37.36919,-5.97888'),
(47, 13, '37.36822,-5.98515'),
(47, 14, '37.36814,-5.98527'),
(47, 15, '37.36812,-5.9854'),
(48, 1, '37.38906,-6.02102'),
(48, 2, '37.38922,-6.01587'),
(48, 3, '37.38951,-6.01362'),
(49, 1, '37.38965,-6.01363'),
(49, 2, '37.38941,-6.01567'),
(49, 3, '37.38923,-6.02055'),
(49, 4, '37.38923,-6.02158'),
(50, 1, '37.41362,-5.98868'),
(50, 2, '37.41342,-5.98883'),
(50, 3, '37.41344,-5.99127'),
(50, 4, '37.41349,-5.9918'),
(50, 5, '37.41372,-5.99309'),
(50, 6, '37.41369,-5.9937'),
(50, 7, '37.41352,-5.99456'),
(50, 8, '37.41348,-5.99502'),
(50, 9, '37.41357,-6.00423'),
(50, 10, '37.41368,-6.005'),
(50, 11, '37.41389,-6.00559'),
(50, 12, '37.41408,-6.00589'),
(50, 13, '37.4147,-6.00663'),
(50, 14, '37.41498,-6.0069'),
(51, 1, '37.41204,-6.00817'),
(51, 2, '37.41207,-6.00805'),
(51, 3, '37.41217,-6.00795'),
(51, 4, '37.41331,-6.0053'),
(51, 5, '37.41341,-6.00482'),
(51, 6, '37.41341,-6.00326'),
(51, 7, '37.41345,-6.0032'),
(51, 8, '37.41332,-5.995'),
(51, 9, '37.41308,-5.99365'),
(51, 10, '37.41303,-5.99316'),
(51, 11, '37.41324,-5.99168'),
(51, 12, '37.41325,-5.98907'),
(51, 13, '37.41324,-5.98884'),
(51, 14, '37.41311,-5.98879'),
(51, 15, '37.41296,-5.98856'),
(52, 1, '37.38939,-6.01381'),
(52, 2, '37.38758,-6.01399'),
(52, 3, '37.38497,-6.01413'),
(52, 4, '37.38464,-6.01419'),
(52, 5, '37.38037,-6.01446'),
(52, 6, '37.37679,-6.01476'),
(52, 7, '37.37619,-6.01483'),
(52, 8, '37.37549,-6.01499'),
(52, 9, '37.37336,-6.0156'),
(53, 1, '37.3728,-6.01387'),
(53, 2, '37.37285,-6.01392'),
(53, 3, '37.37456,-6.01437'),
(53, 4, '37.37548,-6.01453'),
(53, 5, '37.37604,-6.01455'),
(53, 6, '37.37623,-6.01463'),
(53, 7, '37.37901,-6.01446'),
(53, 8, '37.38631,-6.01387'),
(53, 9, '37.38791,-6.0138'),
(53, 10, '37.38941,-6.01365'),
(54, 1, '37.40841,-5.94826'),
(54, 2, '37.40844,-5.94856'),
(54, 3, '37.40866,-5.94873'),
(54, 4, '37.40897,-5.94874'),
(54, 5, '37.40965,-5.94863'),
(54, 6, '37.40989,-5.94864'),
(54, 7, '37.41004,-5.94886'),
(54, 8, '37.41022,-5.94943'),
(54, 9, '37.41046,-5.94971'),
(54, 10, '37.41267,-5.95005'),
(54, 11, '37.41277,-5.94993'),
(54, 12, '37.41285,-5.94991'),
(55, 1, '37.40281,-5.96137'),
(55, 2, '37.40277,-5.96278'),
(55, 3, '37.40316,-5.96661'),
(55, 4, '37.40298,-5.96908'),
(55, 5, '37.40224,-5.97125'),
(55, 6, '37.40143,-5.9743'),
(55, 7, '37.40123,-5.97484'),
(55, 8, '37.40066,-5.97596'),
(55, 9, '37.39945,-5.97814'),
(55, 10, '37.39854,-5.97968'),
(55, 11, '37.39773,-5.98095'),
(55, 12, '37.39752,-5.9814'),
(56, 1, '37.41601,-5.9735'),
(56, 2, '37.41645,-5.97068'),
(56, 3, '37.41664,-5.96971'),
(56, 4, '37.41714,-5.96629'),
(56, 5, '37.41704,-5.96623'),
(56, 6, '37.41699,-5.96596'),
(56, 7, '37.41709,-5.96532'),
(57, 1, '37.38293,-5.97328'),
(57, 2, '37.38286,-5.9733'),
(57, 3, '37.38387,-5.97861'),
(57, 4, '37.38403,-5.97936'),
(57, 5, '37.38412,-5.9793'),
(58, 1, '37.38409,-5.97944'),
(58, 2, '37.38405,-5.97947'),
(58, 3, '37.38423,-5.98054'),
(58, 4, '37.38437,-5.98195'),
(58, 5, '37.38464,-5.98353'),
(58, 6, '37.38481,-5.98407'),
(58, 7, '37.38556,-5.98583'),
(58, 8, '37.38566,-5.9861'),
(58, 9, '37.38562,-5.98613'),
(59, 1, '37.37549,-5.99183'),
(59, 2, '37.37543,-5.99183'),
(59, 3, '37.37534,-5.99214'),
(59, 4, '37.3749,-5.99407'),
(59, 5, '37.37505,-5.99422'),
(59, 6, '37.37508,-5.99449'),
(59, 7, '37.37503,-5.99466'),
(59, 8, '37.37493,-5.99475'),
(59, 9, '37.37481,-5.99478'),
(59, 10, '37.37479,-5.99522'),
(59, 11, '37.37475,-5.99528'),
(59, 12, '37.37472,-5.99752'),
(60, 1, '37.36389,-5.98327'),
(60, 2, '37.36394,-5.98314'),
(60, 3, '37.36295,-5.98284'),
(60, 4, '37.3569,-5.97932'),
(60, 5, '37.35689,-5.97957'),
(61, 1, '37.40735,-5.97914'),
(61, 2, '37.40736,-5.97893'),
(61, 3, '37.40488,-5.9803'),
(61, 4, '37.40374,-5.98087'),
(61, 5, '37.39937,-5.98293'),
(61, 6, '37.39935,-5.98286'),
(62, 1, '37.39855,-5.98165'),
(62, 2, '37.39871,-5.98141'),
(62, 3, '37.40468,-5.97568'),
(62, 4, '37.4054,-5.97514'),
(63, 1, '37.37448,-5.99448'),
(63, 2, '37.37447,-5.99444'),
(63, 3, '37.37339,-5.99436'),
(63, 4, '37.37292,-5.99448'),
(63, 5, '37.37245,-5.99476'),
(63, 6, '37.37205,-5.99521'),
(63, 7, '37.3718,-5.99565'),
(63, 8, '37.37159,-5.99641'),
(63, 9, '37.37154,-5.99739'),
(63, 10, '37.37148,-5.99739'),
(64, 1, '37.37142,-6.00382'),
(64, 2, '37.3713,-6.0027'),
(64, 3, '37.37142,-5.99791'),
(65, 1, '37.37626,-6.00574'),
(65, 2, '37.37624,-6.00578'),
(65, 3, '37.38031,-6.00909'),
(65, 4, '37.38042,-6.00914'),
(65, 5, '37.38097,-6.00914'),
(66, 1, '37.38575,-6.01125'),
(66, 2, '37.38667,-6.01112'),
(66, 3, '37.38929,-6.0104'),
(66, 4, '37.3897,-6.01031'),
(66, 5, '37.38986,-6.01035'),
(66, 6, '37.38986,-6.01028'),
(67, 1, '37.39979,-5.97743'),
(67, 2, '37.39982,-5.97747'),
(67, 3, '37.40024,-5.97672'),
(67, 4, '37.40123,-5.97484'),
(67, 5, '37.40143,-5.9743'),
(67, 6, '37.40224,-5.97125'),
(67, 7, '37.40298,-5.96908'),
(67, 8, '37.40316,-5.96905'),
(68, 1, '37.40284,-5.9691'),
(68, 2, '37.40298,-5.96908'),
(68, 3, '37.40316,-5.96674'),
(68, 4, '37.40277,-5.96278'),
(68, 5, '37.4028,-5.96154'),
(68, 6, '37.4029,-5.9601'),
(68, 7, '37.40286,-5.95955'),
(69, 1, '37.40297,-5.95946'),
(69, 2, '37.40297,-5.95985'),
(69, 3, '37.4029,-5.95996'),
(69, 4, '37.40276,-5.96245'),
(69, 5, '37.40295,-5.96479'),
(69, 6, '37.40316,-5.96661'),
(69, 7, '37.40298,-5.96908'),
(70, 1, '37.40533,-5.97518'),
(70, 2, '37.4054,-5.97514'),
(70, 3, '37.40726,-5.97856'),
(70, 4, '37.40734,-5.97863'),
(70, 5, '37.40752,-5.97896'),
(70, 6, '37.4076,-5.97913'),
(70, 7, '37.40758,-5.97918'),
(71, 1, '37.4174,-5.9662'),
(71, 2, '37.41734,-5.96628'),
(71, 3, '37.41711,-5.96798'),
(71, 4, '37.41679,-5.9697'),
(71, 5, '37.41621,-5.97379'),
(71, 6, '37.41628,-5.97385'),
(72, 1, '37.41638,-5.9567'),
(72, 2, '37.41632,-5.95679'),
(72, 3, '37.41667,-5.95789'),
(72, 4, '37.41745,-5.96066'),
(72, 5, '37.41769,-5.96181'),
(72, 6, '37.41774,-5.96274'),
(72, 7, '37.4176,-5.96422'),
(72, 8, '37.41745,-5.96509'),
(72, 9, '37.41748,-5.96513'),
(73, 1, '37.41598,-5.97476'),
(73, 2, '37.41486,-5.97868'),
(73, 3, '37.41462,-5.97921'),
(73, 4, '37.41363,-5.98255'),
(73, 5, '37.41355,-5.98298'),
(73, 6, '37.41357,-5.98327'),
(74, 1, '37.41735,-5.96498'),
(74, 2, '37.41762,-5.96319'),
(74, 3, '37.41764,-5.96229'),
(74, 4, '37.41756,-5.96164'),
(74, 5, '37.41667,-5.95822'),
(74, 6, '37.41621,-5.95683'),
(74, 7, '37.41612,-5.95684'),
(75, 1, '37.41587,-5.95609'),
(75, 2, '37.41594,-5.95599'),
(75, 3, '37.41499,-5.95312'),
(75, 4, '37.41448,-5.9519'),
(75, 5, '37.41418,-5.95105'),
(75, 6, '37.41392,-5.95065'),
(75, 7, '37.4136,-5.95042'),
(75, 8, '37.41295,-5.95034'),
(76, 1, '37.41268,-5.95032'),
(76, 2, '37.41239,-5.95023'),
(76, 3, '37.40952,-5.94978'),
(76, 4, '37.40828,-5.94936'),
(77, 1, '37.41593,-5.95596'),
(77, 2, '37.41499,-5.95312'),
(77, 3, '37.41448,-5.9519'),
(77, 4, '37.41418,-5.95105'),
(77, 5, '37.41392,-5.95065'),
(77, 6, '37.41372,-5.95049'),
(77, 7, '37.41347,-5.95038'),
(77, 8, '37.4132,-5.95036');
